"field","year","crop","pct","is_crop","n_classes"
"arkansas-rice",2020,"Rice",100,TRUE,1
"arkansas-rice",2021,"Rice",100,TRUE,1
"arkansas-rice",2022,"Rice",100,TRUE,1
"arkansas-rice",2023,"Rice",100,TRUE,1
"arkansas-rice",2024,"Rice",99.6,TRUE,2
"arkansas-rice",2025,"Rice",99.2,TRUE,2
"california-central",2020,"Dbl Crop WinWht/Corn",95.9,TRUE,4
"california-central",2021,"Dbl Crop WinWht/Corn",82.2,TRUE,4
"california-central",2022,"Dbl Crop WinWht/Corn",85.6,TRUE,5
"california-central",2023,"Dbl Crop WinWht/Corn",93.8,TRUE,3
"california-central",2024,"Dbl Crop Triticale/Corn",65.1,TRUE,3
"california-central",2025,"Dbl Crop Triticale/Corn",71.9,TRUE,2
"clinton-iowa",2020,"Corn",88.8,TRUE,4
"clinton-iowa",2021,"Corn",94.1,TRUE,3
"clinton-iowa",2022,"Corn",88.2,TRUE,5
"clinton-iowa",2023,"Corn",93.5,TRUE,4
"clinton-iowa",2024,"Corn",94.7,TRUE,4
"clinton-iowa",2025,"Corn",94.7,TRUE,4
"eldorado-georgia",2020,"Peanuts",53.4,TRUE,2
"eldorado-georgia",2021,"Cotton",100,TRUE,1
"eldorado-georgia",2022,"Cotton",54.5,TRUE,2
"eldorado-georgia",2023,"Peanuts",52.4,TRUE,4
"eldorado-georgia",2024,"Cotton",66.5,TRUE,4
"eldorado-georgia",2025,"Peanuts",86.9,TRUE,3
"example_field",2020,"Soybeans",100,TRUE,1
"example_field",2021,"Corn",100,TRUE,1
"example_field",2022,"Corn",79.1,TRUE,2
"example_field",2023,"Corn",100,TRUE,1
"example_field",2024,"Soybeans",100,TRUE,1
"example_field",2025,"Corn",100,TRUE,1
"example_field_covercrop",2020,"Corn",57.7,TRUE,3
"example_field_covercrop",2021,"Corn",100,TRUE,1
"example_field_covercrop",2022,"Soybeans",60.2,TRUE,3
"example_field_covercrop",2023,"Corn",100,TRUE,1
"example_field_covercrop",2024,"Soybeans",100,TRUE,1
"example_field_covercrop",2025,"Corn",99.2,TRUE,3
"example_field_overgrown",2020,"Soybeans",53.2,TRUE,12
"example_field_overgrown",2021,"Corn",61,TRUE,13
"example_field_overgrown",2022,"Corn",63.2,TRUE,13
"example_field_overgrown",2023,"Corn",58.2,TRUE,12
"example_field_overgrown",2024,"Soybeans",54.8,TRUE,10
"example_field_overgrown",2025,"Corn",60.2,TRUE,11
"jefferson-ga-conv-cover",2020,"Corn",50.1,TRUE,5
"jefferson-ga-conv-cover",2021,"Cotton",99,TRUE,6
"jefferson-ga-conv-cover",2022,"Corn",57.8,TRUE,7
"jefferson-ga-conv-cover",2023,"Corn",50.6,TRUE,5
"jefferson-ga-conv-cover",2024,"Corn",53.1,TRUE,6
"jefferson-ga-conv-cover",2025,"Corn",50.2,TRUE,5
"kansas-rainfed",2020,"Corn",100,TRUE,1
"kansas-rainfed",2021,"Soybeans",100,TRUE,1
"kansas-rainfed",2022,"Corn",100,TRUE,1
"kansas-rainfed",2023,"Soybeans",100,TRUE,1
"kansas-rainfed",2024,"Corn",100,TRUE,1
"kansas-rainfed",2025,"Soybeans",100,TRUE,1
"lubbock-pivot",2020,"Cotton",100,TRUE,1
"lubbock-pivot",2021,"Cotton",99.1,TRUE,2
"lubbock-pivot",2022,"Cotton",100,TRUE,1
"lubbock-pivot",2023,"Corn",95.9,TRUE,3
"lubbock-pivot",2024,"Cotton",100,TRUE,1
"lubbock-pivot",2025,"Fallow/Idle Cropland",95.7,TRUE,2
"mitchell-ga-conservation",2020,"Cotton",99.1,TRUE,5
"mitchell-ga-conservation",2021,"Peanuts",85.5,TRUE,3
"mitchell-ga-conservation",2022,"Cotton",99.9,TRUE,2
"mitchell-ga-conservation",2023,"Cotton",99.4,TRUE,3
"mitchell-ga-conservation",2024,"Peanuts",62.3,TRUE,6
"mitchell-ga-conservation",2025,"Cotton",95.5,TRUE,13
"mitchell-ga-conventional",2020,"Cotton",98.2,TRUE,2
"mitchell-ga-conventional",2021,"Cotton",99.6,TRUE,2
"mitchell-ga-conventional",2022,"Cotton",62.8,TRUE,5
"mitchell-ga-conventional",2023,"Peanuts",96.5,TRUE,2
"mitchell-ga-conventional",2024,"Corn",89.4,TRUE,10
"mitchell-ga-conventional",2025,"Peanuts",96,TRUE,3
"screven-ga-notill-bare",2020,"Cotton",96.7,TRUE,6
"screven-ga-notill-bare",2021,"Corn",99.4,TRUE,3
"screven-ga-notill-bare",2022,"Peanuts",93.6,TRUE,4
"screven-ga-notill-bare",2023,"Corn",99.4,TRUE,3
"screven-ga-notill-bare",2024,"Corn",97.9,TRUE,4
"screven-ga-notill-bare",2025,"Peanuts",96.1,TRUE,6
"tifton-georgia",2020,"Cotton",63.2,TRUE,4
"tifton-georgia",2021,"Cotton",100,TRUE,1
"tifton-georgia",2022,"Cotton",94.7,TRUE,3
"tifton-georgia",2023,"Cotton",98.7,TRUE,2
"tifton-georgia",2024,"Cotton",97.4,TRUE,3
"tifton-georgia",2025,"Peanuts",94.7,TRUE,2
"washington-pivot",2020,"Alfalfa",100,TRUE,1
"washington-pivot",2021,"Alfalfa",100,TRUE,1
"washington-pivot",2022,"Alfalfa",100,TRUE,1
"washington-pivot",2023,"Alfalfa",70.4,TRUE,3
"washington-pivot",2024,"Potatoes",100,TRUE,1
"washington-pivot",2025,"Alfalfa",100,TRUE,1
