"field","winter","n_obs","max_ndvi","green_days","verdict"
"arkansas-rice","2020-21",14,0.197,0,"off-season flooded -- cover crop not detectable"
"arkansas-rice","2021-22",12,0.372,20,"likely cover crop"
"arkansas-rice","2022-23",8,0.244,0,"off-season flooded -- cover crop not detectable"
"arkansas-rice","2023-24",6,0.259,0,"off-season flooded -- cover crop not detectable"
"arkansas-rice","2024-25",16,0.643,90,"likely cover crop"
"arkansas-rice","2025-26",9,0.349,15,"possible cover crop"
"california-central","2020-21",33,0.922,139,"winter cash crop, not a cover crop"
"california-central","2021-22",28,0.92,162,"winter cash crop, not a cover crop"
"california-central","2022-23",30,0.906,179,"winter cash crop, not a cover crop"
"california-central","2023-24",27,0.949,169,"winter cash crop, not a cover crop"
"california-central","2024-25",30,0.917,157,"winter cash crop, not a cover crop"
"california-central","2025-26",29,0.945,138,"green cover -- cover crop or small grain"
"clinton-iowa","2020-21",21,0.277,0,"no cover crop detected"
"clinton-iowa","2021-22",20,0.255,0,"no cover crop detected"
"clinton-iowa","2022-23",21,0.268,0,"no cover crop detected"
"clinton-iowa","2023-24",37,0.373,13,"likely cover crop"
"clinton-iowa","2024-25",35,0.344,9,"possible cover crop"
"clinton-iowa","2025-26",26,0.293,0,"no cover crop detected"
"eldorado-georgia","2020-21",20,0.447,129,"likely cover crop"
"eldorado-georgia","2021-22",16,0.501,56,"likely cover crop"
"eldorado-georgia","2022-23",18,0.636,56,"likely cover crop"
"eldorado-georgia","2023-24",14,0.412,146,"likely cover crop"
"eldorado-georgia","2024-25",23,0.363,53,"likely cover crop"
"eldorado-georgia","2025-26",22,0.898,129,"green cover -- cover crop or small grain"
"example_field","2020-21",24,0.212,0,"no cover crop detected"
"example_field","2021-22",38,0.251,0,"no cover crop detected"
"example_field","2022-23",19,0.208,0,"no cover crop detected"
"example_field","2023-24",35,0.249,0,"no cover crop detected"
"example_field","2024-25",26,0.227,0,"no cover crop detected"
"example_field","2025-26",26,0.278,0,"no cover crop detected"
"example_field_covercrop","2020-21",12,0.374,50,"likely cover crop"
"example_field_covercrop","2021-22",17,0.57,273,"green cover -- cover crop or small grain"
"example_field_covercrop","2022-23",12,0.585,90,"likely cover crop"
"example_field_covercrop","2023-24",19,0.611,172,"green cover -- cover crop or small grain"
"example_field_covercrop","2024-25",12,0.315,20,"possible cover crop"
"example_field_covercrop","2025-26",19,0.572,186,"likely cover crop"
"example_field_overgrown","2020-21",22,0.264,0,"no cover crop detected"
"example_field_overgrown","2021-22",38,0.28,0,"no cover crop detected"
"example_field_overgrown","2022-23",17,0.25,0,"no cover crop detected"
"example_field_overgrown","2023-24",33,0.292,0,"no cover crop detected"
"example_field_overgrown","2024-25",22,0.262,0,"no cover crop detected"
"example_field_overgrown","2025-26",25,0.3,0,"no cover crop detected"
"jefferson-ga-conv-cover","2020-21",22,0.473,151,"likely cover crop"
"jefferson-ga-conv-cover","2021-22",18,0.438,108,"likely cover crop"
"jefferson-ga-conv-cover","2022-23",8,0.412,135,"likely cover crop"
"jefferson-ga-conv-cover","2023-24",14,0.456,116,"likely cover crop"
"jefferson-ga-conv-cover","2024-25",17,0.452,135,"likely cover crop"
"jefferson-ga-conv-cover","2025-26",18,0.36,76,"green cover -- cover crop or small grain"
"kansas-rainfed","2020-21",29,0.241,0,"no cover crop detected"
"kansas-rainfed","2021-22",23,0.199,0,"no cover crop detected"
"kansas-rainfed","2022-23",21,0.202,0,"no cover crop detected"
"kansas-rainfed","2023-24",18,0.237,0,"no cover crop detected"
"kansas-rainfed","2024-25",24,0.253,0,"no cover crop detected"
"kansas-rainfed","2025-26",19,0.235,0,"no cover crop detected"
"lubbock-pivot","2020-21",59,0.443,52,"green cover -- cover crop or small grain"
"lubbock-pivot","2021-22",56,0.32,1,"possible cover crop"
"lubbock-pivot","2022-23",39,0.36,21,"likely cover crop"
"lubbock-pivot","2023-24",76,0.704,174,"green cover -- cover crop or small grain"
"lubbock-pivot","2024-25",39,0.257,0,"no cover crop detected"
"lubbock-pivot","2025-26",81,0.682,138,"likely cover crop"
"mitchell-ga-conservation","2020-21",20,0.505,148,"likely cover crop"
"mitchell-ga-conservation","2021-22",24,0.66,159,"likely cover crop"
"mitchell-ga-conservation","2022-23",17,0.648,168,"green cover -- cover crop or small grain"
"mitchell-ga-conservation","2023-24",16,0.498,139,"likely cover crop"
"mitchell-ga-conservation","2024-25",25,0.668,145,"likely cover crop"
"mitchell-ga-conservation","2025-26",20,0.676,83,"green cover -- cover crop or small grain"
"mitchell-ga-conventional","2020-21",17,0.488,142,"likely cover crop"
"mitchell-ga-conventional","2021-22",13,0.455,77,"likely cover crop"
"mitchell-ga-conventional","2022-23",28,0.412,156,"likely cover crop"
"mitchell-ga-conventional","2023-24",14,0.297,0,"no cover crop detected"
"mitchell-ga-conventional","2024-25",39,0.323,9,"possible cover crop"
"mitchell-ga-conventional","2025-26",26,0.409,55,"likely cover crop"
"screven-ga-notill-bare","2020-21",29,0.548,107,"likely cover crop"
"screven-ga-notill-bare","2021-22",62,0.372,0,"green cover -- cover crop or small grain"
"screven-ga-notill-bare","2022-23",27,0.38,42,"likely cover crop"
"screven-ga-notill-bare","2023-24",41,0.332,9,"possible cover crop"
"screven-ga-notill-bare","2024-25",60,0.293,0,"no cover crop detected"
"screven-ga-notill-bare","2025-26",28,0.339,31,"possible cover crop"
"tifton-georgia","2020-21",16,0.443,64,"likely cover crop"
"tifton-georgia","2021-22",19,0.585,149,"likely cover crop"
"tifton-georgia","2022-23",13,0.536,134,"likely cover crop"
"tifton-georgia","2023-24",17,0.636,206,"likely cover crop"
"tifton-georgia","2024-25",27,0.783,177,"likely cover crop"
"tifton-georgia","2025-26",21,0.691,147,"likely cover crop"
"washington-pivot","2020-21",13,0.934,168,"perennial stand -- off-season cover not applicable"
"washington-pivot","2021-22",9,0.947,137,"perennial stand -- off-season cover not applicable"
"washington-pivot","2022-23",27,0.946,226,"green cover -- cover crop or small grain"
"washington-pivot","2023-24",10,0.212,0,"no cover crop detected"
"washington-pivot","2024-25",18,0.951,217,"likely cover crop"
"washington-pivot","2025-26",17,0.956,193,"perennial stand -- off-season cover not applicable"
