"field","n_obs_total","year","crop","planting_est","harvest_est","season_days","peak_ndvi","confidence"
"arkansas-rice",192,2020,"Rice",2020-05-11,2020-11-14,167,0.886,"low -- sparse imagery near transitions; standing water in the off-season (NDVI reaches -0.71); flooded rice or a wet fallow shifts the baseline, so treat the dates as indicative"
"arkansas-rice",192,2021,"Rice",2021-04-26,2021-09-03,110,0.834,"low -- sparse imagery near transitions; standing water in the off-season (NDVI reaches -0.54); flooded rice or a wet fallow shifts the baseline, so treat the dates as indicative"
"arkansas-rice",192,2022,"Rice",2022-05-26,2022-11-25,163,0.943,"low -- sparse imagery near transitions; standing water in the off-season (NDVI reaches -0.58); flooded rice or a wet fallow shifts the baseline, so treat the dates as indicative"
"arkansas-rice",192,2023,"Rice",2023-05-04,2023-11-04,164,0.89,"low -- standing water in the off-season (NDVI reaches -0.09); flooded rice or a wet fallow shifts the baseline, so treat the dates as indicative"
"arkansas-rice",192,2024,"Rice",2024-04-20,2024-08-25,107,0.928,"low -- sparse imagery near transitions"
"arkansas-rice",192,2025,"Rice",2025-03-30,2025-11-16,211,0.909,"low -- sparse imagery near transitions; standing water in the off-season (NDVI reaches -0.36); flooded rice or a wet fallow shifts the baseline, so treat the dates as indicative"
"arkansas-rice",192,2026,NA,2026-05-05,2026-08-22,89,0.893,"low -- standing water in the off-season (NDVI reaches 0.04); flooded rice or a wet fallow shifts the baseline, so treat the dates as indicative"
"california-central",347,2020,"Dbl Crop WinWht/Corn",2020-06-09,2020-10-02,95,0.95,"high"
"california-central",347,2021,"Dbl Crop WinWht/Corn",2021-06-04,2021-09-24,92,0.977,"high"
"california-central",347,2022,"Dbl Crop WinWht/Corn",2022-06-20,2022-09-29,81,0.951,"high"
"california-central",347,2023,"Dbl Crop WinWht/Corn",2023-06-14,2023-09-21,79,0.934,"high"
"california-central",347,2024,"Dbl Crop Triticale/Corn",2024-05-31,2024-09-16,88,0.935,"high"
"california-central",347,2025,"Dbl Crop Triticale/Corn",2025-05-27,2025-09-17,93,0.927,"high"
"california-central",347,2026,NA,2026-06-12,2026-09-18,78,0.93,"low -- standing water in the off-season (NDVI reaches -0.08); flooded rice or a wet fallow shifts the baseline, so treat the dates as indicative"
"clinton-iowa",366,2020,"Corn",2020-05-23,2020-10-02,111,0.899,"high"
"clinton-iowa",366,2021,"Corn",2021-05-20,2021-09-30,112,0.87,"high"
"clinton-iowa",366,2022,"Corn",2022-05-30,2022-10-10,112,0.887,"high"
"clinton-iowa",366,2023,"Corn",2023-04-24,2023-09-23,131,0.871,"medium"
"clinton-iowa",366,2024,"Corn",2024-05-28,2024-10-06,110,0.93,"high"
"clinton-iowa",366,2025,"Corn",2025-05-25,2025-10-02,109,0.911,"high"
"clinton-iowa",366,2026,NA,2026-05-20,NA,NA,0.92,"low -- no clear senescence"
"eldorado-georgia",240,2020,"Peanuts",2020-05-26,2020-10-09,116,0.837,"medium"
"eldorado-georgia",240,2021,"Cotton",2021-05-26,2021-11-04,138,0.875,"low -- sparse imagery near transitions"
"eldorado-georgia",240,2022,"Cotton",2022-05-15,2022-10-15,129,0.884,"low -- sparse imagery near transitions"
"eldorado-georgia",240,2023,"Peanuts",2023-05-02,2023-10-25,156,0.774,"low -- sparse imagery near transitions"
"eldorado-georgia",240,2024,"Cotton",2024-05-28,2024-12-11,173,0.879,"medium"
"eldorado-georgia",240,2025,"Peanuts",2025-05-24,2025-10-17,126,0.848,"medium"
"eldorado-georgia",240,2026,NA,2026-06-15,NA,NA,0.882,"low -- no clear senescence"
"example_field",368,2020,"Soybeans",2020-05-28,2020-09-21,98,0.921,"high"
"example_field",368,2021,"Corn",2021-05-17,2021-10-01,116,0.873,"high"
"example_field",368,2022,"Corn",2022-05-29,2022-10-18,121,0.885,"high"
"example_field",368,2023,"Corn",2023-05-10,2023-09-25,117,0.939,"high"
"example_field",368,2024,"Soybeans",2024-06-07,2024-10-04,101,0.932,"high"
"example_field",368,2025,"Corn",2025-05-11,2025-09-09,100,0.924,"medium"
"example_field",368,2026,NA,2026-05-12,NA,NA,0.884,"low -- no clear senescence"
"example_field_covercrop",198,2020,"Corn",2020-06-15,2020-11-22,139,0.779,"medium"
"example_field_covercrop",198,2021,"Corn",2021-05-17,2021-09-15,100,0.823,"low -- sparse imagery near transitions"
"example_field_covercrop",198,2022,"Soybeans",2022-06-30,2022-10-24,98,0.938,"high"
"example_field_covercrop",198,2023,"Corn",2023-05-25,2023-10-16,123,0.864,"low -- sparse imagery near transitions"
"example_field_covercrop",198,2024,"Soybeans",2024-06-19,2024-10-23,108,0.916,"low -- sparse imagery near transitions"
"example_field_covercrop",198,2025,"Corn",2025-05-17,2025-09-24,109,0.919,"low -- sparse imagery near transitions"
"example_field_covercrop",198,2026,NA,2026-05-30,NA,NA,0.931,"low -- no clear senescence"
"example_field_overgrown",360,2020,"Soybeans",2020-05-21,2020-09-20,104,0.865,"high"
"example_field_overgrown",360,2021,"Corn",2021-05-16,2021-09-30,116,0.821,"high"
"example_field_overgrown",360,2022,"Corn",2022-05-24,2022-10-20,128,0.832,"medium"
"example_field_overgrown",360,2023,"Corn",2023-05-08,2023-09-28,122,0.882,"high"
"example_field_overgrown",360,2024,"Soybeans",2024-05-25,2024-10-11,121,0.869,"high"
"example_field_overgrown",360,2025,"Corn",2025-05-08,2025-09-20,114,0.864,"low -- sparse imagery near transitions"
"example_field_overgrown",360,2026,NA,2026-05-12,NA,NA,0.845,"low -- no clear senescence"
"jefferson-ga-conv-cover",243,2020,"Corn",2020-04-16,2020-11-03,180,0.79,"medium"
"jefferson-ga-conv-cover",243,2021,"Cotton",2021-06-07,2021-10-29,120,0.87,"low -- sparse imagery near transitions"
"jefferson-ga-conv-cover",243,2022,"Corn",2022-04-10,2022-11-10,193,0.778,"low -- sparse imagery near transitions"
"jefferson-ga-conv-cover",243,2023,"Corn",2023-04-03,2023-11-11,201,0.712,"low -- sparse imagery near transitions"
"jefferson-ga-conv-cover",243,2024,"Corn",2024-04-22,2024-10-27,167,0.792,"low -- sparse imagery near transitions"
"jefferson-ga-conv-cover",243,2025,"Corn",2025-04-03,2025-11-10,200,0.666,"low -- sparse imagery near transitions"
"jefferson-ga-conv-cover",243,2026,NA,2026-06-15,NA,NA,0.912,"low -- no clear senescence"
"kansas-rainfed",259,2020,"Corn",2020-05-10,2020-09-04,96,0.882,"medium"
"kansas-rainfed",259,2021,"Soybeans",2021-05-25,2021-09-25,105,0.883,"high"
"kansas-rainfed",259,2022,"Corn",2022-05-10,2022-09-20,112,0.913,"low -- sparse imagery near transitions"
"kansas-rainfed",259,2023,"Soybeans",2023-05-15,2023-09-19,109,0.861,"high"
"kansas-rainfed",259,2024,"Corn",2024-05-05,2024-09-20,117,0.914,"medium"
"kansas-rainfed",259,2025,"Soybeans",2025-05-27,2025-10-04,112,0.914,"low -- sparse imagery near transitions"
"kansas-rainfed",259,2026,NA,2026-05-05,2026-09-10,108,0.91,"medium"
"lubbock-pivot",640,2020,"Cotton",2020-06-10,2020-10-11,99,0.72,"high"
"lubbock-pivot",640,2021,"Cotton",2021-06-12,2021-10-28,114,0.836,"low -- sparse imagery near transitions"
"lubbock-pivot",640,2022,"Cotton",2022-06-07,2022-10-08,99,0.649,"high"
"lubbock-pivot",640,2023,"Corn",2023-04-27,2023-08-11,85,0.88,"high"
"lubbock-pivot",640,2024,"Cotton",2024-06-18,2024-10-20,100,0.824,"high"
"lubbock-pivot",640,2025,"Fallow/Idle Cropland",2025-04-29,2025-08-14,87,0.867,"high"
"lubbock-pivot",640,2026,NA,2026-06-10,2026-09-26,88,0.663,"high"
"mitchell-ga-conservation",238,2020,"Cotton",2020-05-27,2020-10-17,119,0.855,"high"
"mitchell-ga-conservation",238,2021,"Peanuts",2021-06-01,2021-10-09,110,0.856,"low -- sparse imagery near transitions"
"mitchell-ga-conservation",238,2022,"Cotton",2022-06-06,2022-10-23,115,0.85,"high"
"mitchell-ga-conservation",238,2023,"Cotton",2023-06-20,2023-10-30,108,0.8,"medium"
"mitchell-ga-conservation",238,2024,"Peanuts",2024-06-05,2024-10-23,120,0.852,"low -- sparse imagery near transitions"
"mitchell-ga-conservation",238,2025,"Cotton",2025-05-10,2025-11-09,159,0.783,"high"
"mitchell-ga-conservation",238,2026,NA,2026-06-12,NA,NA,0.798,"low -- no clear senescence"
"mitchell-ga-conventional",247,2020,"Cotton",2020-06-06,2020-11-06,129,0.884,"medium"
"mitchell-ga-conventional",247,2021,"Cotton",2021-05-27,2021-11-12,145,0.793,"medium"
"mitchell-ga-conventional",247,2022,"Cotton",2022-03-17,2022-06-26,77,0.647,"low -- sparse imagery near transitions"
"mitchell-ga-conventional",247,2023,"Peanuts",2023-06-03,2023-10-04,103,0.897,"medium"
"mitchell-ga-conventional",247,2024,"Corn",2024-04-15,2024-07-16,71,0.754,"medium"
"mitchell-ga-conventional",247,2025,"Peanuts",2025-05-11,2025-10-02,124,0.907,"high"
"mitchell-ga-conventional",247,2026,NA,2026-05-10,NA,NA,0.91,"low -- no clear senescence"
"screven-ga-notill-bare",457,2020,"Cotton",2020-05-23,2020-10-12,118,0.846,"medium"
"screven-ga-notill-bare",457,2021,"Corn",2021-04-08,2021-08-03,96,0.885,"medium"
"screven-ga-notill-bare",457,2022,"Peanuts",2022-06-12,2022-10-30,120,0.924,"low -- sparse imagery near transitions"
"screven-ga-notill-bare",457,2023,"Corn",2023-04-10,2023-08-10,101,0.893,"high"
"screven-ga-notill-bare",457,2024,"Corn",2024-04-11,2024-08-04,94,0.891,"low -- sparse imagery near transitions"
"screven-ga-notill-bare",457,2025,"Peanuts",2025-05-29,2025-10-13,117,0.879,"medium"
"screven-ga-notill-bare",457,2026,NA,2026-04-01,2026-07-31,101,0.915,"medium"
"tifton-georgia",228,2020,"Cotton",2020-05-16,2020-12-08,182,0.763,"high"
"tifton-georgia",228,2021,"Cotton",2021-05-27,2021-11-14,147,0.834,"high"
"tifton-georgia",228,2022,"Cotton",2022-05-18,2022-11-20,162,0.867,"low -- sparse imagery near transitions"
"tifton-georgia",228,2023,"Cotton",2023-05-24,2023-09-30,105,0.828,"medium"
"tifton-georgia",228,2024,"Cotton",2024-05-31,2024-10-14,112,0.805,"medium"
"tifton-georgia",228,2025,"Peanuts",2025-05-24,2025-10-17,126,0.903,"low -- sparse imagery near transitions"
"tifton-georgia",228,2026,NA,2026-04-29,NA,NA,0.843,"low -- no clear senescence"
"washington-pivot",257,2020,"Alfalfa",NA,NA,NA,0.94,"not an annual row crop -- NDVI never drops below 0.47 and stays above 0.50 for 96% of the year, so there is no bare-soil period to measure planting from (perennial or multi-cut, e.g. alfalfa)"
"washington-pivot",257,2021,"Alfalfa",NA,NA,NA,0.957,"not an annual row crop -- NDVI never drops below 0.45 and stays above 0.50 for 92% of the year, so there is no bare-soil period to measure planting from (perennial or multi-cut, e.g. alfalfa)"
"washington-pivot",257,2022,"Alfalfa",2022-03-03,2022-09-19,180,1.113,"medium"
"washington-pivot",257,2023,"Alfalfa",2023-06-27,2023-10-21,96,0.98,"low -- standing water in the off-season (NDVI reaches 0.03); flooded rice or a wet fallow shifts the baseline, so treat the dates as indicative"
"washington-pivot",257,2024,"Potatoes",2024-04-13,2024-09-02,122,0.951,"low -- sparse imagery near transitions"
"washington-pivot",257,2025,"Alfalfa",NA,NA,NA,0.96,"not an annual row crop -- NDVI never drops below 0.41 and stays above 0.50 for 97% of the year, so there is no bare-soil period to measure planting from (perennial or multi-cut, e.g. alfalfa)"
"washington-pivot",257,2026,NA,NA,NA,NA,0.988,"not an annual row crop -- NDVI never drops below 0.46 and stays above 0.50 for 97% of the year, so there is no bare-soil period to measure planting from (perennial or multi-cut, e.g. alfalfa)"
