"field","year","window_start","window_end","n_obs","armor","armor_lo","armor_hi","f_pv","f_npv","f_bs","min_ndti","note"
"arkansas-rice",2020,2020-03-01,2020-05-08,0,NA,NA,NA,NA,NA,NA,NA,"cover fractions not present in this series."
"arkansas-rice",2021,2021-03-01,2021-04-23,7,0.803,0.384,0.996,0.001,0.801,0.197,0.0943,NA
"arkansas-rice",2022,2022-03-01,2022-05-23,6,0.806,0.17,0.997,0.031,0.775,0.194,0.0528,NA
"arkansas-rice",2023,2023-03-01,2023-05-01,4,0.507,0.151,0.97,0.005,0.503,0.493,0.0498,NA
"arkansas-rice",2024,2024-03-01,2024-04-17,3,0.578,0.377,0.814,0.015,0.562,0.422,0.0918,NA
"arkansas-rice",2025,2025-03-01,2025-03-27,3,0.649,0.138,0.843,0.023,0.626,0.351,0.0464,NA
"arkansas-rice",2026,2026-03-01,2026-05-02,6,0.492,0.043,0.928,0.08,0.412,0.508,0.0303,NA
"california-central",2020,2020-03-01,2020-06-06,11,0.762,0.089,0.988,0.663,0.099,0.238,0.0387,"window ends fall back to fixed dates; phenology had no estimate."
"california-central",2021,2021-03-01,2021-06-01,16,0.689,0.013,0.976,0.574,0.116,0.311,0.0175,NA
"california-central",2022,2022-03-01,2022-06-17,16,0.5,0.001,0.978,0.372,0.127,0.5,0.0067,NA
"california-central",2023,2023-03-01,2023-06-11,14,0.846,0.002,0.981,0.741,0.105,0.154,0.0115,NA
"california-central",2024,2024-03-01,2024-05-28,12,0.68,0.067,0.988,0.511,0.169,0.32,0.0311,NA
"california-central",2025,2025-03-01,2025-05-24,11,0.723,0.072,0.976,0.556,0.167,0.277,0.0307,NA
"california-central",2026,2026-03-01,2026-06-09,16,0.524,0.004,0.983,0.328,0.196,0.476,0.0108,NA
"clinton-iowa",2020,2020-03-01,2020-05-20,5,0.55,0.454,0.581,0.009,0.541,0.45,0.1101,"window ends fall back to fixed dates; phenology had no estimate."
"clinton-iowa",2021,2021-03-01,2021-05-17,10,0.483,0.415,0.619,0.031,0.452,0.517,0.1026,NA
"clinton-iowa",2022,2022-03-01,2022-05-27,7,0.517,0.335,0.822,0.01,0.508,0.483,0.0856,NA
"clinton-iowa",2023,2023-03-01,2023-04-21,7,0.572,0.53,0.876,0.005,0.567,0.428,0.1246,NA
"clinton-iowa",2024,2024-03-01,2024-05-25,16,0.535,0.323,0.671,0.058,0.477,0.465,0.0833,NA
"clinton-iowa",2025,2025-03-01,2025-05-22,18,0.58,0.431,0.934,0.041,0.539,0.42,0.1014,NA
"clinton-iowa",2026,2026-03-01,2026-05-17,9,0.555,0.295,0.715,0.015,0.54,0.445,0.0785,NA
"eldorado-georgia",2020,2020-03-01,2020-05-23,11,0.508,0.04,0.934,0.114,0.394,0.492,0.0243,"window ends fall back to fixed dates; phenology had no estimate."
"eldorado-georgia",2021,2021-03-01,2021-05-23,8,0.453,0.241,0.717,0.085,0.368,0.547,0.0666,NA
"eldorado-georgia",2022,2022-03-01,2022-05-12,4,0.317,0.066,0.553,0.003,0.314,0.683,0.0323,NA
"eldorado-georgia",2023,2023-03-01,2023-04-29,4,0.234,0.166,0.422,0.002,0.232,0.766,0.0516,NA
"eldorado-georgia",2024,2024-03-01,2024-05-25,6,0.503,0.176,0.75,0.044,0.459,0.497,0.0537,NA
"eldorado-georgia",2025,2025-03-01,2025-05-21,15,0.494,0.127,0.937,0.095,0.399,0.506,0.0447,NA
"eldorado-georgia",2026,2026-03-01,2026-06-12,7,0.763,0.271,0.971,0.497,0.266,0.237,0.0722,NA
"example_field",2020,2020-03-01,2020-05-25,7,0.346,0.23,0.51,0.002,0.344,0.654,0.066,"window ends fall back to fixed dates; phenology had no estimate."
"example_field",2021,2021-03-01,2021-05-14,11,0.296,0.208,0.595,0.006,0.289,0.704,0.0603,NA
"example_field",2022,2022-03-01,2022-05-26,15,0.324,0.097,0.541,0.001,0.322,0.676,0.0376,NA
"example_field",2023,2023-03-01,2023-05-07,9,0.263,0.102,0.64,0.009,0.254,0.737,0.0383,NA
"example_field",2024,2024-03-01,2024-06-04,16,0.267,0.095,0.572,0.003,0.264,0.733,0.0349,NA
"example_field",2025,2025-03-01,2025-05-08,11,0.345,0.134,0.763,0.015,0.33,0.655,0.0413,NA
"example_field",2026,2026-03-01,2026-05-09,9,0.328,0.103,0.629,0.007,0.322,0.672,0.0354,NA
"example_field_covercrop",2020,2020-03-01,2020-06-12,6,0.8,0.593,0.948,0.505,0.295,0.2,0.1647,"window ends fall back to fixed dates; phenology had no estimate."
"example_field_covercrop",2021,2021-03-01,2021-05-14,5,0.693,0.584,0.746,0.159,0.534,0.307,0.1412,NA
"example_field_covercrop",2022,2022-03-01,2022-06-27,7,0.74,0.659,0.834,0.353,0.386,0.26,0.1761,NA
"example_field_covercrop",2023,2023-03-01,2023-05-22,5,0.699,0.575,0.804,0.288,0.411,0.301,0.1401,NA
"example_field_covercrop",2024,2024-03-01,2024-06-16,7,0.78,0.628,0.855,0.35,0.43,0.22,0.1524,NA
"example_field_covercrop",2025,2025-03-01,2025-05-14,4,0.556,0.488,0.656,0.073,0.483,0.444,0.1231,NA
"example_field_covercrop",2026,2026-03-01,2026-05-27,9,0.791,0.68,0.877,0.205,0.585,0.209,0.1588,NA
"example_field_overgrown",2020,2020-03-01,2020-05-18,6,0.382,0.285,0.547,0.048,0.334,0.618,0.0758,"window ends fall back to fixed dates; phenology had no estimate."
"example_field_overgrown",2021,2021-03-01,2021-05-13,9,0.34,0.265,0.437,0.042,0.299,0.66,0.0711,NA
"example_field_overgrown",2022,2022-03-01,2022-05-21,16,0.396,0.242,0.54,0.029,0.367,0.604,0.0641,NA
"example_field_overgrown",2023,2023-03-01,2023-05-05,8,0.369,0.211,0.665,0.036,0.333,0.631,0.0578,NA
"example_field_overgrown",2024,2024-03-01,2024-05-22,14,0.343,0.242,0.643,0.056,0.287,0.657,0.0645,NA
"example_field_overgrown",2025,2025-03-01,2025-05-05,9,0.426,0.283,0.607,0.043,0.383,0.574,0.075,NA
"example_field_overgrown",2026,2026-03-01,2026-05-09,9,0.41,0.3,0.633,0.045,0.365,0.59,0.0769,NA
"jefferson-ga-conv-cover",2020,2020-03-01,2020-04-13,5,0.518,0.278,0.81,0.116,0.401,0.482,0.076,"window ends fall back to fixed dates; phenology had no estimate."
"jefferson-ga-conv-cover",2021,2021-03-01,2021-06-04,14,0.553,0.109,0.807,0.131,0.422,0.447,0.0397,NA
"jefferson-ga-conv-cover",2022,2022-03-01,2022-04-07,4,0.721,0.644,0.807,0.191,0.529,0.279,0.1543,NA
"jefferson-ga-conv-cover",2023,2023-03-01,2023-03-31,1,NA,NA,NA,NA,NA,NA,NA,"only 1 usable observation(s) in the window; too few to summarise."
"jefferson-ga-conv-cover",2024,2024-03-01,2024-04-19,5,0.594,0.324,0.722,0.153,0.441,0.406,0.085,NA
"jefferson-ga-conv-cover",2025,2025-03-01,2025-03-31,5,0.71,0.31,0.857,0.162,0.549,0.29,0.0836,NA
"jefferson-ga-conv-cover",2026,2026-03-01,2026-06-12,7,0.578,0.419,0.759,0.082,0.496,0.422,0.1056,NA
"kansas-rainfed",2020,2020-03-01,2020-05-07,6,0.333,0.208,0.473,0.009,0.324,0.667,0.0615,"window ends fall back to fixed dates; phenology had no estimate."
"kansas-rainfed",2021,2021-03-01,2021-05-22,10,0.434,0.257,0.665,0,0.434,0.566,0.0714,NA
"kansas-rainfed",2022,2022-03-01,2022-05-07,6,0.406,0.291,0.532,0.001,0.405,0.594,0.0778,NA
"kansas-rainfed",2023,2023-03-01,2023-05-12,6,0.439,0.344,0.51,0,0.439,0.561,0.0884,NA
"kansas-rainfed",2024,2024-03-01,2024-05-02,6,0.271,0.213,0.383,0.016,0.255,0.729,0.0615,NA
"kansas-rainfed",2025,2025-03-01,2025-05-24,10,0.5,0.323,0.571,0,0.5,0.5,0.0847,NA
"kansas-rainfed",2026,2026-03-01,2026-05-02,6,0.204,0.125,0.279,0.016,0.188,0.796,0.0413,NA
"lubbock-pivot",2020,2020-03-01,2020-06-07,19,0.649,0.231,0.857,0.198,0.45,0.351,0.064,"window ends fall back to fixed dates; phenology had no estimate."
"lubbock-pivot",2021,2021-03-01,2021-06-09,24,0.493,0.134,0.748,0.1,0.394,0.507,0.0469,NA
"lubbock-pivot",2022,2022-03-01,2022-06-04,24,0.499,0.355,0.638,0.058,0.441,0.501,0.0909,NA
"lubbock-pivot",2023,2023-03-01,2023-04-24,11,0.48,0.347,0.659,0.112,0.368,0.52,0.089,NA
"lubbock-pivot",2024,2024-03-01,2024-06-15,26,0.314,0.055,0.669,0.046,0.268,0.686,0.0332,NA
"lubbock-pivot",2025,2025-03-01,2025-04-26,15,0.324,0.189,0.581,0.005,0.319,0.676,0.0574,NA
"lubbock-pivot",2026,2026-03-01,2026-06-07,26,0.52,0.127,0.65,0.028,0.492,0.48,0.0452,NA
"mitchell-ga-conservation",2020,2020-03-01,2020-05-24,12,0.624,0.171,0.94,0.23,0.394,0.376,0.0521,"window ends fall back to fixed dates; phenology had no estimate."
"mitchell-ga-conservation",2021,2021-03-01,2021-05-29,10,0.57,0.157,0.871,0.14,0.43,0.43,0.0501,NA
"mitchell-ga-conservation",2022,2022-03-01,2022-06-03,10,0.685,0.19,0.9,0.247,0.439,0.315,0.0552,NA
"mitchell-ga-conservation",2023,2023-03-01,2023-06-17,6,0.653,0.293,0.847,0.147,0.506,0.347,0.0747,NA
"mitchell-ga-conservation",2024,2024-03-01,2024-06-02,7,0.538,0.326,0.831,0.057,0.481,0.462,0.0843,NA
"mitchell-ga-conservation",2025,2025-03-01,2025-05-07,13,0.708,0.301,0.942,0.293,0.415,0.292,0.079,NA
"mitchell-ga-conservation",2026,2026-03-01,2026-06-09,9,0.631,0.092,0.923,0.225,0.406,0.369,0.0358,NA
"mitchell-ga-conventional",2020,2020-03-01,2020-06-03,11,0.488,0.183,0.852,0.11,0.378,0.512,0.0563,"window ends fall back to fixed dates; phenology had no estimate."
"mitchell-ga-conventional",2021,2021-03-01,2021-05-24,8,0.632,0.411,0.818,0.121,0.511,0.368,0.1034,NA
"mitchell-ga-conventional",2022,2022-03-01,2022-03-14,2,NA,NA,NA,NA,NA,NA,NA,"only 2 usable observation(s) in the window; too few to summarise."
"mitchell-ga-conventional",2023,2023-03-01,2023-05-31,6,0.386,0.123,0.873,0.038,0.348,0.614,0.0429,NA
"mitchell-ga-conventional",2024,2024-03-01,2024-04-12,2,NA,NA,NA,NA,NA,NA,NA,"only 2 usable observation(s) in the window; too few to summarise."
"mitchell-ga-conventional",2025,2025-03-01,2025-05-08,10,0.252,0.058,0.849,0.001,0.251,0.748,0.0284,NA
"mitchell-ga-conventional",2026,2026-03-01,2026-05-07,9,0.248,0.066,0.581,0.066,0.182,0.752,0.0289,NA
"screven-ga-notill-bare",2020,2020-03-01,2020-05-20,19,0.48,0.108,0.775,0.045,0.436,0.52,0.0411,"window ends fall back to fixed dates; phenology had no estimate."
"screven-ga-notill-bare",2021,2021-03-01,2021-04-05,9,0.404,0.076,0.788,0.007,0.397,0.596,0.0291,NA
"screven-ga-notill-bare",2022,2022-03-01,2022-06-09,20,0.202,0.049,0.79,0.005,0.197,0.798,0.0167,NA
"screven-ga-notill-bare",2023,2023-03-01,2023-04-07,6,0.227,0.046,0.41,0.042,0.185,0.773,0.0094,NA
"screven-ga-notill-bare",2024,2024-03-01,2024-04-08,6,0.306,0.147,0.652,0.002,0.303,0.694,0.0478,NA
"screven-ga-notill-bare",2025,2025-03-01,2025-05-26,19,0.324,0.11,0.782,0.011,0.314,0.676,0.0326,NA
"screven-ga-notill-bare",2026,2026-03-01,2026-03-29,4,0.345,0.105,0.677,0.004,0.341,0.655,0.0355,NA
"tifton-georgia",2020,2020-03-01,2020-05-13,10,0.575,0.195,0.877,0.158,0.417,0.425,0.0579,"window ends fall back to fixed dates; phenology had no estimate."
"tifton-georgia",2021,2021-03-01,2021-05-24,10,0.518,0.373,0.75,0.076,0.442,0.482,0.0934,NA
"tifton-georgia",2022,2022-03-01,2022-05-15,7,0.63,0.183,0.858,0.212,0.418,0.37,0.0558,NA
"tifton-georgia",2023,2023-03-01,2023-05-21,4,0.641,0.546,0.812,0.112,0.529,0.359,0.1335,NA
"tifton-georgia",2024,2024-03-01,2024-05-28,7,0.755,0.505,0.903,0.225,0.53,0.245,0.1231,NA
"tifton-georgia",2025,2025-03-01,2025-05-21,13,0.625,0.215,0.932,0.255,0.37,0.375,0.062,NA
"tifton-georgia",2026,2026-03-01,2026-04-26,8,0.645,0.364,0.784,0.291,0.354,0.355,0.0927,NA
"washington-pivot",2020,2020-03-01,2020-05-10,5,0.98,0.918,0.995,0.932,0.049,0.02,0.2708,"window ends fall back to fixed dates; phenology had no estimate."
"washington-pivot",2021,2021-03-01,2021-05-10,6,0.974,0.81,0.993,0.895,0.079,0.026,0.2221,"window ends fall back to fixed dates; phenology had no estimate."
"washington-pivot",2022,NA,NA,0,NA,NA,NA,NA,NA,NA,NA,"no window: planting falls at or before the start of the window, so there is no pre-planting period to measure."
"washington-pivot",2023,2023-03-01,2023-06-24,14,0.884,0.098,0.991,0.695,0.188,0.116,0.0364,NA
"washington-pivot",2024,2024-03-01,2024-04-10,5,0.08,0,0.391,0,0.08,0.92,0.006,NA
"washington-pivot",2025,2025-03-01,2025-05-10,7,0.992,0.987,0.996,0.962,0.03,0.008,0.3821,"window ends fall back to fixed dates; phenology had no estimate."
"washington-pivot",2026,2026-03-01,2026-05-10,8,0.978,0.895,0.998,0.888,0.09,0.022,0.2739,"window ends fall back to fixed dates; phenology had no estimate."
