file,area_ha,obs,seasons,crops,boundary,cover_winters,mins
arkansas-rice.geojson,22.6,191,7,Rice,single unit,2,2.7
california-central.geojson,13.2,347,7,Dbl Crop WinWht/Corn/Dbl Crop Triticale/Corn,single unit,1,4.3
clinton-iowa.geojson,14.8,366,7,Corn,single unit,1,11.0
eldorado-georgia.geojson,17.2,241,7,Peanuts/Cotton,split,6,2.9
example_field.geojson,65.9,368,7,Soybeans/Corn,single unit,0,4.8
example_field_covercrop.geojson,46.7,198,7,Corn/Soybeans,single unit,5,2.9
example_field_overgrown.geojson,173.4,360,7,Soybeans/Corn,split,0,4.0
jefferson-ga-conv-cover.geojson,91.2,244,7,Corn/Cotton,single unit,6,3.4
kansas-rainfed.geojson,12.5,259,7,Corn/Soybeans,single unit,0,3.7
lubbock-pivot.geojson,41.5,641,7,Cotton/Corn/Fallow/Idle Cropland,single unit,4,6.2
mitchell-ga-conservation.geojson,84.6,237,7,Cotton/Peanuts,single unit,6,4.1
mitchell-ga-conventional.geojson,20.3,247,7,Cotton/Peanuts/Corn,single unit,4,3.3
screven-ga-notill-bare.geojson,29.5,459,7,Cotton/Corn/Peanuts,single unit,3,5.5
tifton-georgia.geojson,6.6,226,7,Cotton/Peanuts,single unit,6,2.6
washington-pivot.geojson,21.8,257,7,Alfalfa/Potatoes,single unit,2,3.4
