"stem","label","shows","added"
"example_field","Iowa · Story Co.","Straightforward corn/soy rotation. The baseline everything else is read against.","2026-06-01"
"clinton-iowa","Iowa · Clinton Co.","Continuous corn. A clean single-crop season curve with no rotation to confuse it.","2026-06-01"
"kansas-rainfed","Kansas · rainfed","Rainfed corn/soy. Lower peak NDVI than irrigated ground at the same latitude.","2026-06-01"
"example_field_covercrop","Maryland · cover cropped","Cover crop running to planting. NDVI never reaches the residue floor, which is what broke minimum NDTI.","2026-06-01"
"eldorado-georgia","Georgia · El Dorado","Boundary spanning two management units. CDL calls it split; the season curve is a blend of peanuts and cotton.","2026-06-01"
"tifton-georgia","Georgia · Carpenter Rd","Small cotton/peanut field under 7 ha. Tests whether the pipeline holds at the low end of field size.","2026-06-01"
"arkansas-rice","Arkansas · rice","Winter-flooded rice. Standing water makes cover crop undetectable rather than absent — the pipeline says so.","2026-06-01"
"lubbock-pivot","Texas · Lubbock pivot","Continuous cotton on a centre pivot. Returns to bare ground every off-season; the cotton contrast case.","2026-06-01"
"washington-pivot","Washington · pivot","Alfalfa and potatoes. A perennial stand the annual-crop model correctly refuses to date.","2026-06-01"
"california-central","California · Central Valley","Double cropping. Two cash crops in one calendar year breaks a single-peak season model.","2026-06-01"
"example_field_overgrown","Iowa · too-wide boundary","A boundary drawn far too wide. The failure case the CDL purity check exists to catch.","2026-06-01"
"mitchell-ga-conservation","Georgia - Mitchell Co. (no-till)","Grower-confirmed conservation till with a cover crop. Spring armor 0.624 in 2020, the highest of the four Georgia fields. Pairs with the conventional field in the same county.","2026-09-30"
"mitchell-ga-conventional","Georgia - Mitchell Co. (conventional)","Grower-confirmed conventional till, no cover crop. Spring armor 0.488 in 2020. Residue is near-identical to its no-till pair (0.38 vs 0.39) - the gap is living cover (0.11 vs 0.23).","2026-09-30"
"screven-ga-notill-bare","Georgia - Screven Co. (no-till, bare)","Conservation till but NO cover crop, grower-confirmed. Armor 0.480 in 2020 - below both cover-cropped fields and level with the conventionally tilled one at 0.488. Conservation tillage on its own buys nothing measurable here.","2026-09-30"
"jefferson-ga-conv-cover","Georgia - Jefferson Co. (tilled, cover)","Conventional till WITH a cover crop, grower-confirmed. Armor 0.553 in 2021 - above both fields without a cover crop, despite the tillage pass. Phenology confidence is low for this field-year, so the window end is soft.","2026-09-30"
"akron-co-wheat-fallow-even","Colorado - Akron (wheat-fallow, wheat in even years)","Dryland winter wheat-fallow, CDL Winter Wheat 2020/2022/2024 and Fallow 2021/2023/2025 at 100%. Tests the winter crop model (autumn sowing, May peak, late-June harvest), fallow periods of about 15 months, and 2026 read as wheat from the curve before CDL is published.","2026-10-06"
"akron-co-wheat-fallow-odd","Colorado - Akron (wheat-fallow, wheat in odd years)","The opposite phase (21.5 ha main block). 2026 has no crop in the NDVI and reads as fallow from the curve, with a post-harvest volunteer/weed flush in August 2025 flagged.","2026-10-06"
